Timeline,Start time,Duration,Row,Instance number,2 Cross,Action,Box Touch Number,Lineup,LiveDrills,On Court,PossessionType,Reversal Number,Shot Quality,Teaching,Ungrouped,Notes,Flags
251011,0.0,14.661126335,Grey,1,,+3,Box Touch 1, | #5 Myles Watkins | #8 Kenyon Goodin | #11 Brian Waddell | #23 Sam Donald | #24 Michael Wilson,Scramble,"#5 Myles Watkins, #8 Kenyon Goodin, #11 Brian Waddell, #23 Sam Donald, #24 Michael Wilson",Half Court,Reversal 3,Shot Qual 3,,,,
251011,46.097868179382736,19.16844428861726,Grey,2,,+2,Box Touch 0, | #5 Myles Watkins | #8 Kenyon Goodin | #11 Brian Waddell | #23 Sam Donald | #24 Michael Wilson,Scramble,"#5 Myles Watkins, #8 Kenyon Goodin, #11 Brian Waddell, #23 Sam Donald, #24 Michael Wilson",Half Court,Reversal 0,Shot Qual 1,,,,
251011,98.79817343031561,21.265045361684386,Grey,3,,"Post Feed, Post Touch, -3",Box Touch 0, | #5 Myles Watkins | #8 Kenyon Goodin | #11 Brian Waddell | #23 Sam Donald | #24 Michael Wilson,Scramble,"#5 Myles Watkins, #8 Kenyon Goodin, #11 Brian Waddell, #23 Sam Donald, #24 Michael Wilson",Half Court,Reversal 2,Shot Qual 2,,,,
251011,243.99713192955534,22.941124657444675,Grey,4,,,Box Touch 0, | #2 Tyler Doyle | #5 Myles Watkins | #8 Kenyon Goodin | #11 Brian Waddell | #15 Luke Anderson,War Scramble,"#2 Tyler Doyle, #5 Myles Watkins, #8 Kenyon Goodin, #11 Brian Waddell, #15 Luke Anderson",Half Court,Reversal 1,"Foul Drawn, Shot Qual 4",,,,
251011,386.10027740392354,12.333586909076473,Grey,5,,-2,Box Touch 1, | #2 Tyler Doyle | #5 Myles Watkins | #8 Kenyon Goodin | #23 Sam Donald | #24 Michael Wilson,War Scramble,"#2 Tyler Doyle, #5 Myles Watkins, #8 Kenyon Goodin, #23 Sam Donald, #24 Michael Wilson",Transition,Reversal 0,Shot Qual 3,,,,
251011,438.89790912733855,14.20733019166147,Grey,6,,+2,Box Touch 1, | #2 Tyler Doyle | #5 Myles Watkins | #8 Kenyon Goodin | #23 Sam Donald | #24 Michael Wilson,War Scramble,"#2 Tyler Doyle, #5 Myles Watkins, #8 Kenyon Goodin, #23 Sam Donald, #24 Michael Wilson",Half Court,Reversal 0,Shot Qual 4,Teaching Clip,,,
251011,465.39838859759976,23.78951531640024,Grey,7,,+2,Box Touch 1, | #2 Tyler Doyle | #5 Myles Watkins | #8 Kenyon Goodin | #23 Sam Donald | #24 Michael Wilson,War Scramble,"#2 Tyler Doyle, #5 Myles Watkins, #8 Kenyon Goodin, #23 Sam Donald, #24 Michael Wilson",Half Court,Reversal 2,Shot Qual 4,Teaching Clip,,,
251011,620.3977799579083,23.62640600809175,Grey,8,,-3,Box Touch 0, | #2 Tyler Doyle | #5 Myles Watkins | #8 Kenyon Goodin | #11 Brian Waddell | #15 Luke Anderson,War Scramble,"#2 Tyler Doyle, #5 Myles Watkins, #8 Kenyon Goodin, #11 Brian Waddell, #15 Luke Anderson",Half Court,Reversal 1,Shot Qual 3,Teaching Clip,,,
251011,1525.298623555525,14.090711834475087,Grey,9,,-2,Box Touch 1, | #2 Tyler Doyle | #7 Donovan Hunter | #22 Darrius Bolden | #24 Michael Wilson,4v4,"#2 Tyler Doyle, #7 Donovan Hunter, #22 Darrius Bolden, #24 Michael Wilson",Half Court,Reversal 1,Shot Qual 2,,,,
251011,1634.7986059832158,20.639975341784293,Grey,10,,-3,Box Touch 0, | #4 Grant Neal | #22 Darrius Bolden | #24 Michael Wilson | #44 Jacob Wassler,4v4,"#4 Grant Neal, #22 Darrius Bolden, #24 Michael Wilson, #44 Jacob Wassler",Half Court,Reversal 1,Shot Qual 2,,,,
251011,1717.1978259027103,24.52866483128969,Grey,11,,"Post Touch, Post Feed",Box Touch 1, | #2 Tyler Doyle | #4 Grant Neal | #7 Donovan Hunter | #44 Jacob Wassler,4v4,"#2 Tyler Doyle, #4 Grant Neal, #7 Donovan Hunter, #44 Jacob Wassler",Half Court,Reversal 1,"Foul Drawn, Shot Qual 4",,,,
251011,1777.655288888889,21.12178464811109,Grey,12,,"Post Touch, Post Feed, -3",Box Touch 1, | #2 Tyler Doyle | #4 Grant Neal | #7 Donovan Hunter | #44 Jacob Wassler,4v4,"#2 Tyler Doyle, #4 Grant Neal, #7 Donovan Hunter, #44 Jacob Wassler",Half Court,Reversal 1,Shot Qual 3,Teaching Clip,,,
251011,1875.3983473480134,9.987749444986548,Grey,13,,,Box Touch 0, | #4 Grant Neal | #22 Darrius Bolden | #24 Michael Wilson | #44 Jacob Wassler,4v4,"#4 Grant Neal, #22 Darrius Bolden, #24 Michael Wilson, #44 Jacob Wassler",Half Court,Reversal 0,No Shot,,,,
251011,1907.5981910972766,12.213194975723354,Grey,14,,+2,Box Touch 1, | #4 Grant Neal | #22 Darrius Bolden | #24 Michael Wilson | #44 Jacob Wassler,4v4,"#4 Grant Neal, #22 Darrius Bolden, #24 Michael Wilson, #44 Jacob Wassler",Half Court,Reversal 0,Shot Qual 3,Teaching Clip,,,
251011,1929.298258945836,18.61794352316383,Grey,15,,+2,Box Touch 1, | #4 Grant Neal | #22 Darrius Bolden | #24 Michael Wilson | #44 Jacob Wassler,4v4,"#4 Grant Neal, #22 Darrius Bolden, #24 Michael Wilson, #44 Jacob Wassler",Half Court,Reversal 1,Shot Qual 4,,,,
251011,1990.8365444444444,23.005444193555604,Grey,16,,"Post Touch, Post Feed, -2",Box Touch 0, | #4 Grant Neal | #22 Darrius Bolden | #24 Michael Wilson | #44 Jacob Wassler,4v4,"#4 Grant Neal, #22 Darrius Bolden, #24 Michael Wilson, #44 Jacob Wassler",Half Court,Reversal 2,Shot Qual 1,,,,
251011,2190.3979489418894,16.742217779110433,Grey,17,,,Box Touch 0, | #2 Tyler Doyle | #7 Donovan Hunter | #22 Darrius Bolden | #24 Michael Wilson,4v4,"#2 Tyler Doyle, #7 Donovan Hunter, #22 Darrius Bolden, #24 Michael Wilson",Half Court,Reversal 1,No Shot,,,,
251011,2337.598616801516,24.051697776483707,Grey,18,,-3,Box Touch 0, | #4 Grant Neal | #22 Darrius Bolden | #24 Michael Wilson | #44 Jacob Wassler,4v4,"#4 Grant Neal, #22 Darrius Bolden, #24 Michael Wilson, #44 Jacob Wassler",Half Court,Reversal 1,Shot Qual 1,,,,
251011,2358.697912833199,21.56531091680108,Grey,19,,,Box Touch 1, | #4 Grant Neal | #22 Darrius Bolden | #24 Michael Wilson | #44 Jacob Wassler,4v4,"#4 Grant Neal, #22 Darrius Bolden, #24 Michael Wilson, #44 Jacob Wassler",Other,Reversal 1,No Shot,,,,
251011,2409.4978551535414,21.682412463458604,Grey,20,,+2,Box Touch 1, | #4 Grant Neal | #22 Darrius Bolden | #24 Michael Wilson | #44 Jacob Wassler,4v4,"#4 Grant Neal, #22 Darrius Bolden, #24 Michael Wilson, #44 Jacob Wassler",Half Court,Reversal 1,Shot Qual 2,,,,
251011,2438.798749235643,15.124441237357132,Grey,21,,-2,Box Touch 1, | #4 Grant Neal | #22 Darrius Bolden | #24 Michael Wilson | #44 Jacob Wassler,4v4,"#4 Grant Neal, #22 Darrius Bolden, #24 Michael Wilson, #44 Jacob Wassler",Half Court,Reversal 0,Shot Qual 1,,,,
251011,3399.7985544849544,17.392874561045574,Grey,22,,+3,Box Touch 0, | #2 Tyler Doyle | #8 Kenyon Goodin | #11 Brian Waddell | #23 Sam Donald | #24 Michael Wilson,5v5,"#2 Tyler Doyle, #8 Kenyon Goodin, #11 Brian Waddell, #23 Sam Donald, #24 Michael Wilson",Half Court,Reversal 1,Shot Qual 3,Teaching Clip,,,
251011,3435.310702985,6.028589041000032,Grey,23,,+2,Box Touch 0, | #2 Tyler Doyle | #8 Kenyon Goodin | #11 Brian Waddell | #23 Sam Donald | #24 Michael Wilson,5v5,"#2 Tyler Doyle, #8 Kenyon Goodin, #11 Brian Waddell, #23 Sam Donald, #24 Michael Wilson",Transition,Reversal 0,Shot Qual 4,,,,
251011,3465.498622317625,20.81599814937499,Grey,24,,-3,Box Touch 0, | #2 Tyler Doyle | #8 Kenyon Goodin | #11 Brian Waddell | #23 Sam Donald | #24 Michael Wilson,5v5,"#2 Tyler Doyle, #8 Kenyon Goodin, #11 Brian Waddell, #23 Sam Donald, #24 Michael Wilson",Half Court,Reversal 1,Shot Qual 3,,,,
251011,3525.5945888888887,11.642034212111412,Grey,25,,,Box Touch 0, | #2 Tyler Doyle | #8 Kenyon Goodin | #11 Brian Waddell | #23 Sam Donald | #24 Michael Wilson,5v5,"#2 Tyler Doyle, #8 Kenyon Goodin, #11 Brian Waddell, #23 Sam Donald, #24 Michael Wilson",Other,Reversal 1,No Shot,,,,
251011,3545.0073444444442,16.722697373555548,Grey,26,,-3,Box Touch 0, | #2 Tyler Doyle | #8 Kenyon Goodin | #11 Brian Waddell | #23 Sam Donald | #24 Michael Wilson,5v5,"#2 Tyler Doyle, #8 Kenyon Goodin, #11 Brian Waddell, #23 Sam Donald, #24 Michael Wilson",Other,Reversal 1,Shot Qual 2,,,,
251011,3702.4978643459417,29.873932988058186,Grey,27,,"Deflection, +2",Box Touch 1, | #5 Myles Watkins | #8 Kenyon Goodin | #11 Brian Waddell | #15 Luke Anderson | #24 Michael Wilson,5v5,"#5 Myles Watkins, #8 Kenyon Goodin, #11 Brian Waddell, #15 Luke Anderson, #24 Michael Wilson",Half Court,Reversal 1,Shot Qual 3,,,,
251011,3783.542211111111,21.616813465888754,Grey,28,,,Box Touch 1, | #5 Myles Watkins | #8 Kenyon Goodin | #11 Brian Waddell | #15 Luke Anderson | #24 Michael Wilson,5v5,"#5 Myles Watkins, #8 Kenyon Goodin, #11 Brian Waddell, #15 Luke Anderson, #24 Michael Wilson",Half Court,Reversal 1,No Shot,,,,
251011,3821.0832306386446,15.278629123355586,Grey,29,,"Post Feed, Post Touch, -3",Box Touch 0, | #5 Myles Watkins | #8 Kenyon Goodin | #11 Brian Waddell | #15 Luke Anderson | #24 Michael Wilson,5v5,"#5 Myles Watkins, #8 Kenyon Goodin, #11 Brian Waddell, #15 Luke Anderson, #24 Michael Wilson",Other,Reversal 1,Shot Qual 3,Teaching Clip,,,
251011,3834.0979291972753,8.139563162724698,Grey,30,,+3,Box Touch 0, | #5 Myles Watkins | #8 Kenyon Goodin | #11 Brian Waddell | #15 Luke Anderson | #24 Michael Wilson,5v5,"#5 Myles Watkins, #8 Kenyon Goodin, #11 Brian Waddell, #15 Luke Anderson, #24 Michael Wilson",Other,Reversal 1,Shot Qual 3,,,,
251011,3950.8201222222224,14.180665207777565,Grey,31,,-3,Box Touch 0, | #2 Tyler Doyle | #5 Myles Watkins | #8 Kenyon Goodin | #23 Sam Donald | #24 Michael Wilson,5v5,"#2 Tyler Doyle, #5 Myles Watkins, #8 Kenyon Goodin, #23 Sam Donald, #24 Michael Wilson",Half Court,Reversal 0,Shot Qual 3,,,,
251011,3963.198466345991,19.71682632100874,Grey,32,,+3,Box Touch 2, | #2 Tyler Doyle | #5 Myles Watkins | #8 Kenyon Goodin | #23 Sam Donald | #24 Michael Wilson,5v5,"#2 Tyler Doyle, #5 Myles Watkins, #8 Kenyon Goodin, #23 Sam Donald, #24 Michael Wilson",Other,Reversal 2,Shot Qual 3,Teaching Clip,,,
251011,4418.897140750277,7.7302319577229355,Grey,33,,,Box Touch 0, | #2 Tyler Doyle | #8 Kenyon Goodin | #11 Brian Waddell | #23 Sam Donald | #24 Michael Wilson,5v5,"#2 Tyler Doyle, #8 Kenyon Goodin, #11 Brian Waddell, #23 Sam Donald, #24 Michael Wilson",Half Court,Reversal 0,"Foul Drawn, No Shot",,,,
251011,4439.698696138342,18.169672685658043,Grey,34,,-3,Box Touch 0, | #2 Tyler Doyle | #5 Myles Watkins | #8 Kenyon Goodin | #11 Brian Waddell | #24 Michael Wilson,5v5,"#2 Tyler Doyle, #5 Myles Watkins, #8 Kenyon Goodin, #11 Brian Waddell, #24 Michael Wilson",Half Court,Reversal 1,Shot Qual 2,,,,
251011,4465.322432222,8.01894194399938,Grey,35,,+2,Box Touch 0, | #2 Tyler Doyle | #5 Myles Watkins | #8 Kenyon Goodin | #11 Brian Waddell | #24 Michael Wilson,5v5,"#2 Tyler Doyle, #5 Myles Watkins, #8 Kenyon Goodin, #11 Brian Waddell, #24 Michael Wilson",Transition,Reversal 0,Shot Qual 4,,,,
251011,4529.650555555556,16.33707170244452,Grey,36,,,Box Touch 1, | #2 Tyler Doyle | #5 Myles Watkins | #8 Kenyon Goodin | #11 Brian Waddell | #24 Michael Wilson,5v5,"#2 Tyler Doyle, #5 Myles Watkins, #8 Kenyon Goodin, #11 Brian Waddell, #24 Michael Wilson",Half Court,Reversal 0,"Foul Drawn, Shot Qual 4",,,,
251011,4586.233830272,29.20014879700011,Grey,37,,"Post Touch, Post Feed, -2",Box Touch 1, | #2 Tyler Doyle | #5 Myles Watkins | #8 Kenyon Goodin | #11 Brian Waddell | #24 Michael Wilson,5v5,"#2 Tyler Doyle, #5 Myles Watkins, #8 Kenyon Goodin, #11 Brian Waddell, #24 Michael Wilson",Half Court,Reversal 3,Shot Qual 2,,,,
251011,4635.616045483275,27.861820803725095,Grey,38,,,Box Touch 1, | #2 Tyler Doyle | #5 Myles Watkins | #8 Kenyon Goodin | #11 Brian Waddell | #24 Michael Wilson,5v5,"#2 Tyler Doyle, #5 Myles Watkins, #8 Kenyon Goodin, #11 Brian Waddell, #24 Michael Wilson",Half Court,Reversal 2,No Shot,,,,
251011,4795.317300636,19.634890190999613,Grey,39,,,Box Touch 1, | #5 Myles Watkins | #8 Kenyon Goodin | #15 Luke Anderson | #23 Sam Donald | #24 Michael Wilson,5v5,"#5 Myles Watkins, #8 Kenyon Goodin, #15 Luke Anderson, #23 Sam Donald, #24 Michael Wilson",Half Court,Reversal 2,"Foul Drawn, No Shot",,,,
251011,4935.431855871,33.31277804799993,Grey,40,,+2,Box Touch 1, | #5 Myles Watkins | #8 Kenyon Goodin | #15 Luke Anderson | #23 Sam Donald | #24 Michael Wilson,5v5,"#5 Myles Watkins, #8 Kenyon Goodin, #15 Luke Anderson, #23 Sam Donald, #24 Michael Wilson",Half Court,Reversal 1,Shot Qual 1,,,,
251011,152.29794338290353,18.386695661096468,Red,1,,-3,Box Touch 0, | #0 Tommy Clark | #4 Grant Neal | #7 Donovan Hunter | #22 Darrius Bolden | #44 Jacob Wassler,War Scramble,"#0 Tommy Clark, #4 Grant Neal, #7 Donovan Hunter, #22 Darrius Bolden, #44 Jacob Wassler",Half Court,Reversal 1,Shot Qual 2,,,,
251011,168.684639044,5.838849553000017,Red,2,,+2,Box Touch 0, | #0 Tommy Clark | #4 Grant Neal | #7 Donovan Hunter | #22 Darrius Bolden | #44 Jacob Wassler,War Scramble,"#0 Tommy Clark, #4 Grant Neal, #7 Donovan Hunter, #22 Darrius Bolden, #44 Jacob Wassler",Other,Reversal 0,Shot Qual 3,,,,
251011,194.7647888888889,21.372109368111126,Red,3,,-3,Box Touch 0, | #0 Tommy Clark | #4 Grant Neal | #7 Donovan Hunter | #22 Darrius Bolden | #44 Jacob Wassler,War Scramble,"#0 Tommy Clark, #4 Grant Neal, #7 Donovan Hunter, #22 Darrius Bolden, #44 Jacob Wassler",Half Court,Reversal 1,Shot Qual 2,,,,
251011,281.59867037432144,8.425398322678575,Red,4,,+2,Box Touch 0, | #0 Tommy Clark | #4 Grant Neal | #7 Donovan Hunter | #22 Darrius Bolden,War Scramble,"#0 Tommy Clark, #4 Grant Neal, #7 Donovan Hunter, #22 Darrius Bolden",Other,Reversal 0,Shot Qual 2,,,,
251011,300.59828055624234,10.907250499757652,Red,5,,,Box Touch 1, | #0 Tommy Clark | #4 Grant Neal | #7 Donovan Hunter | #14 Dom Murphy | #22 Darrius Bolden,War Scramble,"#0 Tommy Clark, #4 Grant Neal, #7 Donovan Hunter, #14 Dom Murphy, #22 Darrius Bolden",Transition,Reversal 0,"Foul Drawn, Shot Qual 4",,,,
251011,332.3982039859902,12.3024188460098,Red,6,,,Box Touch 0, | #0 Tommy Clark | #4 Grant Neal | #7 Donovan Hunter | #14 Dom Murphy | #22 Darrius Bolden,War Scramble,"#0 Tommy Clark, #4 Grant Neal, #7 Donovan Hunter, #14 Dom Murphy, #22 Darrius Bolden",Half Court,Reversal 1,No Shot,,,,
251011,354.1981603342359,11.876886443764079,Red,7,,-2,Box Touch 1, | #0 Tommy Clark | #4 Grant Neal | #7 Donovan Hunter | #14 Dom Murphy | #22 Darrius Bolden,War Scramble,"#0 Tommy Clark, #4 Grant Neal, #7 Donovan Hunter, #14 Dom Murphy, #22 Darrius Bolden",Other,Reversal 1,Shot Qual 4,Teaching Clip,,,
251011,517.1986071092405,6.175004292759581,Red,8,,+2,Box Touch 0, | #0 Tommy Clark | #4 Grant Neal | #14 Dom Murphy | #44 Jacob Wassler,War Scramble,"#0 Tommy Clark, #4 Grant Neal, #14 Dom Murphy, #44 Jacob Wassler",Other,Reversal 0,Shot Qual 3,,,,
251011,535.8976677070024,17.278806833997578,Red,9,,-3,Box Touch 0, | #0 Tommy Clark | #4 Grant Neal | #14 Dom Murphy | #22 Darrius Bolden | #44 Jacob Wassler,War Scramble,"#0 Tommy Clark, #4 Grant Neal, #14 Dom Murphy, #22 Darrius Bolden, #44 Jacob Wassler",Half Court,Reversal 1,Shot Qual 3,Teaching Clip,,,
251011,1500.8984645419696,16.945492090030484,Red,10,,,Box Touch 0, | #5 Myles Watkins | #8 Kenyon Goodin | #11 Brian Waddell | #23 Sam Donald,4v4,"#5 Myles Watkins, #8 Kenyon Goodin, #11 Brian Waddell, #23 Sam Donald",Half Court,Reversal 1,No Shot,,,,
251011,1549.5985053636662,22.755834345333824,Red,11,,,Box Touch 1, | #0 Tommy Clark | #11 Brian Waddell | #14 Dom Murphy | #15 Luke Anderson,4v4,"#0 Tommy Clark, #11 Brian Waddell, #14 Dom Murphy, #15 Luke Anderson",Half Court,Reversal 1,"Foul Drawn, Shot Qual 4",Teaching Clip,,,
251011,1600.0978051008367,22.58132667916334,Red,12,,"Post Feed, Post Touch, -3",Box Touch 0, | #0 Tommy Clark | #11 Brian Waddell | #14 Dom Murphy | #15 Luke Anderson,4v4,"#0 Tommy Clark, #11 Brian Waddell, #14 Dom Murphy, #15 Luke Anderson",Half Court,Reversal 1,Shot Qual 1,,,,
251011,1671.9179444165507,19.110966741449374,Red,13,,"Post Touch, Post Feed, -2",Box Touch 1, | #5 Myles Watkins | #8 Kenyon Goodin | #11 Brian Waddell | #23 Sam Donald,4v4,"#5 Myles Watkins, #8 Kenyon Goodin, #11 Brian Waddell, #23 Sam Donald",Half Court,Reversal 1,Shot Qual 3,,,,
251011,1814.8686099859594,14.813254518040594,Red,14,,,Box Touch 0, | #0 Tommy Clark | #5 Myles Watkins | #14 Dom Murphy | #15 Luke Anderson,4v4,"#0 Tommy Clark, #5 Myles Watkins, #14 Dom Murphy, #15 Luke Anderson",Half Court,Reversal 0,No Shot,,,,
251011,2130.6152559582174,10.827465650782415,Red,15,,-2,Box Touch 0, | #8 Kenyon Goodin | #11 Brian Waddell | #15 Luke Anderson | #23 Sam Donald,4v4,"#8 Kenyon Goodin, #11 Brian Waddell, #15 Luke Anderson, #23 Sam Donald",Half Court,Reversal 0,Shot Qual 2,,,,
251011,2283.397639152602,14.947771138397911,Red,16,,,Box Touch 0, | #0 Tommy Clark | #5 Myles Watkins | #8 Kenyon Goodin | #14 Dom Murphy,4v4,"#0 Tommy Clark, #5 Myles Watkins, #8 Kenyon Goodin, #14 Dom Murphy",Half Court,Reversal 0,"Foul Drawn, No Shot",,,,
251011,2311.9979098463546,9.716784849645592,Red,17,,,Box Touch 0, | #0 Tommy Clark | #5 Myles Watkins | #8 Kenyon Goodin | #14 Dom Murphy,4v4,"#0 Tommy Clark, #5 Myles Watkins, #8 Kenyon Goodin, #14 Dom Murphy",Half Court,Reversal 0,No Shot,,,,
251011,2539.7977421939427,21.536710904057145,Red,18,,"Deflection, Deflection",Box Touch 1, | #0 Tommy Clark | #5 Myles Watkins | #8 Kenyon Goodin | #14 Dom Murphy,4v4,"#0 Tommy Clark, #5 Myles Watkins, #8 Kenyon Goodin, #14 Dom Murphy",Half Court,Reversal 2,No Shot,,,,
251011,3416.23052086,21.080182124999737,Red,19,,,Box Touch 0, | #0 Tommy Clark | #4 Grant Neal | #7 Donovan Hunter | #22 Darrius Bolden | #44 Jacob Wassler,5v5,"#0 Tommy Clark, #4 Grant Neal, #7 Donovan Hunter, #22 Darrius Bolden, #44 Jacob Wassler",Half Court,Reversal 0,No Shot,,,,
251011,3440.489452901,25.697249698000178,Red,20,,"Post Touch, Post Feed, +3",Box Touch 0, | #0 Tommy Clark | #4 Grant Neal | #7 Donovan Hunter | #22 Darrius Bolden | #44 Jacob Wassler,5v5,"#0 Tommy Clark, #4 Grant Neal, #7 Donovan Hunter, #22 Darrius Bolden, #44 Jacob Wassler",Half Court,Reversal 1,Shot Qual 2,,,,
251011,3682.1977295145807,13.629182041419426,Red,21,,,Box Touch 0, | #4 Grant Neal | #7 Donovan Hunter | #14 Dom Murphy | #22 Darrius Bolden | #44 Jacob Wassler,5v5,"#4 Grant Neal, #7 Donovan Hunter, #14 Dom Murphy, #22 Darrius Bolden, #44 Jacob Wassler",Half Court,Reversal 0,No Shot,,,,
251011,3731.9944307342994,23.06318063270055,Red,22,,"Post Touch, Post Feed, -2",Box Touch 0, | #4 Grant Neal | #7 Donovan Hunter | #14 Dom Murphy | #22 Darrius Bolden | #44 Jacob Wassler,5v5,"#4 Grant Neal, #7 Donovan Hunter, #14 Dom Murphy, #22 Darrius Bolden, #44 Jacob Wassler",Half Court,Reversal 1,Shot Qual 1,,,,
251011,3981.998674443212,27.153640621787872,Red,23,,,Box Touch 0, | #0 Tommy Clark | #4 Grant Neal | #14 Dom Murphy | #22 Darrius Bolden | #44 Jacob Wassler,5v5,"#0 Tommy Clark, #4 Grant Neal, #14 Dom Murphy, #22 Darrius Bolden, #44 Jacob Wassler",Half Court,Reversal 2,No Shot,,,,
251011,4455.868368824,11.760006632000113,Red,24,,,Box Touch 0, | #0 Tommy Clark | #4 Grant Neal | #7 Donovan Hunter | #22 Darrius Bolden | #44 Jacob Wassler,5v5,"#0 Tommy Clark, #4 Grant Neal, #7 Donovan Hunter, #22 Darrius Bolden, #44 Jacob Wassler",Half Court,Reversal 0,No Shot,,,,
251011,4578.77011314,9.463717132000056,Red,25,,,Box Touch 0, | #0 Tommy Clark | #4 Grant Neal | #7 Donovan Hunter | #22 Darrius Bolden | #44 Jacob Wassler,5v5,"#0 Tommy Clark, #4 Grant Neal, #7 Donovan Hunter, #22 Darrius Bolden, #44 Jacob Wassler",Half Court,Reversal 0,No Shot,,,,
251011,4613.098316930222,19.193860370778566,Red,26,,-2,Box Touch 1, | #0 Tommy Clark | #4 Grant Neal | #7 Donovan Hunter | #22 Darrius Bolden | #44 Jacob Wassler,5v5,"#0 Tommy Clark, #4 Grant Neal, #7 Donovan Hunter, #22 Darrius Bolden, #44 Jacob Wassler",Half Court,Reversal 1,Shot Qual 4,,,,
251011,4629.386611111111,5.177566792888683,Red,27,,+2,Box Touch 0, | #0 Tommy Clark | #4 Grant Neal | #7 Donovan Hunter | #22 Darrius Bolden | #44 Jacob Wassler,5v5,"#0 Tommy Clark, #4 Grant Neal, #7 Donovan Hunter, #22 Darrius Bolden, #44 Jacob Wassler",Other,Reversal 0,Shot Qual 4,,,,
251011,4661.440041856,11.584801003999928,Red,28,,,Box Touch 1, | #0 Tommy Clark | #4 Grant Neal | #7 Donovan Hunter | #22 Darrius Bolden | #44 Jacob Wassler,5v5,"#0 Tommy Clark, #4 Grant Neal, #7 Donovan Hunter, #22 Darrius Bolden, #44 Jacob Wassler",Transition,Reversal 1,"Foul Drawn, Shot Qual 4",,,,
251011,4761.29867281689,30.64928076210981,Red,29,,"Deflection, -2",Box Touch 1, | #4 Grant Neal | #7 Donovan Hunter | #14 Dom Murphy | #22 Darrius Bolden | #44 Jacob Wassler,5v5,"#4 Grant Neal, #7 Donovan Hunter, #14 Dom Murphy, #22 Darrius Bolden, #44 Jacob Wassler",Half Court,Reversal 3,Shot Qual 1,,,,
251011,4788.898145802591,8.419154833409266,Red,30,,-2,Box Touch 0, | #4 Grant Neal | #7 Donovan Hunter | #14 Dom Murphy | #22 Darrius Bolden | #44 Jacob Wassler,5v5,"#4 Grant Neal, #7 Donovan Hunter, #14 Dom Murphy, #22 Darrius Bolden, #44 Jacob Wassler",Other,Reversal 0,Shot Qual 2,,,,
251011,4911.798591345223,24.97418858477704,Red,31,,-3,Box Touch 0, | #0 Tommy Clark | #4 Grant Neal | #14 Dom Murphy | #22 Darrius Bolden | #44 Jacob Wassler,5v5,"#0 Tommy Clark, #4 Grant Neal, #14 Dom Murphy, #22 Darrius Bolden, #44 Jacob Wassler",Half Court,Reversal 0,Shot Qual 2,,,,
251011,5092.698577609682,11.824860417318632,Red,32,,-3,Box Touch 0, | #0 Tommy Clark | #4 Grant Neal | #14 Dom Murphy | #22 Darrius Bolden | #44 Jacob Wassler,5v5,"#0 Tommy Clark, #4 Grant Neal, #14 Dom Murphy, #22 Darrius Bolden, #44 Jacob Wassler",Half Court,Reversal 0,Shot Qual 1,,,,
251011,5120.244855555556,13.928618786444531,Red,33,,Deflection,Box Touch 0, | #0 Tommy Clark | #4 Grant Neal | #14 Dom Murphy | #22 Darrius Bolden | #44 Jacob Wassler,5v5,"#0 Tommy Clark, #4 Grant Neal, #14 Dom Murphy, #22 Darrius Bolden, #44 Jacob Wassler",Half Court,Reversal 0,No Shot,,,,
251011,6.6611263350000005,8.0,#24 Michael Wilson,1,,+3,Box Touch 1,,Scramble,,,Reversal 3,Shot Qual 3,,,,
251011,481.187903914,10.0,#24 Michael Wilson,2,,Assist,,,War Scramble,,,,,,,,
251011,2005.841988638,8.0,#24 Michael Wilson,3,,-2,Box Touch 0,,4v4,,,Reversal 2,Shot Qual 1,,,,
251011,2199.140166721,10.0,#24 Michael Wilson,4,,Turnover,,,4v4,,,,,,,,
251011,2353.650314578,8.0,#24 Michael Wilson,5,,-3,Box Touch 0,,4v4,,,Reversal 1,Shot Qual 1,,,,
251011,2445.923190473,8.0,#24 Michael Wilson,6,,-2,Box Touch 1,,4v4,,,Reversal 0,Shot Qual 1,,,,
251011,2445.923190473,10.0,#24 Michael Wilson,7,,Cut FG,,,4v4,,,,,,,,
251011,2553.334453098,10.0,#24 Michael Wilson,8,,Deflection,,,4v4,,,,,,,,
251011,3409.191429046,10.0,#24 Michael Wilson,9,,Assist,,,5v5,,,,,,,,
251011,3825.29876557,10.0,#24 Michael Wilson,10,,Post Feed,,,5v5,,,,,,,,
251011,3828.361859762,8.0,#24 Michael Wilson,11,,-3,Box Touch 0,,5v5,,,Reversal 1,Shot Qual 3,,,,
251011,3974.915292667,10.0,#24 Michael Wilson,12,,Cut Assist,,,5v5,,,,,,,,
251011,4598.469156063,10.0,#24 Michael Wilson,13,,Post Feed,,,5v5,,,,,,,,
251011,4777.813839694,10.0,#24 Michael Wilson,14,,Deflection,,,5v5,,,,,,,,
251011,4960.744633919,10.0,#24 Michael Wilson,15,,Assist,,,5v5,,,,,,,,
251011,5126.173474342,10.0,#24 Michael Wilson,16,,Steal,,,5v5,,,,,,,,
251011,6.6611263350000005,9.999999999999998,#8 Kenyon Goodin,1,,Assist,,,Scramble,,,,,,,,
251011,57.266312467999995,8.0,#8 Kenyon Goodin,2,,+2,Box Touch 0,,Scramble,,,Reversal 0,Shot Qual 1,,,,
251011,112.063218792,8.0,#8 Kenyon Goodin,3,,-3,Box Touch 0,,Scramble,,,Reversal 2,Shot Qual 2,,,,
251011,389.230030888,10.0,#8 Kenyon Goodin,4,,Cut FG,,,,,,,,,,,
251011,390.433864313,8.0,#8 Kenyon Goodin,5,,-2,Box Touch 1,,War Scramble,,,Reversal 0,Shot Qual 3,,,,
251011,636.578492708,7.445693258000006,#8 Kenyon Goodin,6,,-3,Box Touch 0,,War Scramble,,,Reversal 1,Shot Qual 3,,,,
251011,1679.26508834,10.0,#8 Kenyon Goodin,7,,Post Feed,,,4v4,,,,,,,,
251011,2133.442721609,8.0,#8 Kenyon Goodin,8,,-2,Box Touch 0,,4v4,,,Reversal 0,Shot Qual 2,,,,
251011,2445.923190473,10.0,#8 Kenyon Goodin,9,,Block,,,4v4,,,,,,,,
251011,2553.334453098,10.0,#8 Kenyon Goodin,10,,Turnover,,,4v4,,,,,,,,
251011,3409.191429046,8.0,#8 Kenyon Goodin,11,,+3,Box Touch 0,,5v5,,,Reversal 1,Shot Qual 3,,,,
251011,3478.314620467,8.0,#8 Kenyon Goodin,12,,-3,Box Touch 0,,5v5,,,Reversal 1,Shot Qual 3,,,,
251011,3724.371797334,8.0,#8 Kenyon Goodin,13,,+2,Box Touch 1,,5v5,,,Reversal 1,Shot Qual 3,,,,
251011,3834.23749236,10.0,#8 Kenyon Goodin,14,,Assist,,,5v5,,,,,,,,
251011,4537.987627258,10.0,#8 Kenyon Goodin,15,,Cut FG,,,5v5,,,,,,,,
251011,4580.233830272,10.0,#8 Kenyon Goodin,16,,Steal,,,5v5,,,,,,,,
251011,4607.433979069,8.0,#8 Kenyon Goodin,17,,-2,Box Touch 1,,5v5,,,Reversal 3,Shot Qual 2,,,,
251011,57.487957431,10.0,#23 Sam Donald,1,,Cut Assist,,,Scramble,,,,,,,,
251011,445.056388413,10.0,#23 Sam Donald,2,,Cut FG,,,War Scramble,,,,,,,,
251011,445.171452111,7.9337872080000125,#23 Sam Donald,3,,+2,Box Touch 1,,War Scramble,,,Reversal 0,Shot Qual 4,,,,
251011,1509.843956632,10.0,#23 Sam Donald,4,,Turnover,,,4v4,,,,,,,,
251011,1682.843313289,10.0,#23 Sam Donald,5,,Cut Assist,,,4v4,,,,,,,,
251011,3409.191429046,10.0,#23 Sam Donald,6,,Cut Assist,,,5v5,,,,,,,,
251011,3957.00078743,8.0,#23 Sam Donald,7,,-3,Box Touch 0,,5v5,,,Reversal 0,Shot Qual 3,,,,
251011,3974.915292667,10.0,#23 Sam Donald,8,,Assist,,,5v5,,,,,,,,
251011,57.381555859,10.0,#11 Brian Waddell,1,,Assist,,,Scramble,,,,,,,,
251011,103.505538884,10.0,#11 Brian Waddell,2,,Post Touch,,,Scramble,,,,,,,,
251011,1564.354339709,10.0,#11 Brian Waddell,3,,Cut FG,,,4v4,,,,,"Teaching Clip, Teaching Clip",,,
251011,1609.205891421,10.0,#11 Brian Waddell,4,,Post Touch,,,4v4,,,,,,,,
251011,1679.26508834,10.0,#11 Brian Waddell,5,,Post Touch,,,4v4,,,,,,,,
251011,1683.028911158,8.0,#11 Brian Waddell,6,,-2,Box Touch 1,,4v4,,,Reversal 1,Shot Qual 3,,,,
251011,1877.386096793,10.0,#11 Brian Waddell,7,,Deflection,,,4v4,,,,,,,,
251011,2372.26322375,10.0,#11 Brian Waddell,8,,Deflection,,,4v4,,,,,,,,
251011,3429.310702985,10.0,#11 Brian Waddell,9,,Steal,,,5v5,,,,,,,,
251011,3433.339292026,8.0,#11 Brian Waddell,10,,+2,Box Touch 0,,5v5,,,Reversal 0,Shot Qual 4,,,,
251011,3553.730041818,8.0,#11 Brian Waddell,11,,-3,Box Touch 0,,5v5,,,Reversal 1,Shot Qual 2,,,,
251011,3724.371797334,10.0,#11 Brian Waddell,12,,Cut Assist,,,5v5,,,,,,,,
251011,3825.29876557,10.0,#11 Brian Waddell,13,,Post Touch,,,5v5,,,,,,,,
251011,3834.23749236,8.0,#11 Brian Waddell,14,,+3,Box Touch 0,,5v5,,,Reversal 1,Shot Qual 3,,,,
251011,4449.868368824,8.0,#11 Brian Waddell,15,,-3,Box Touch 0,,5v5,,,Reversal 1,Shot Qual 2,,,,
251011,4459.322432222,10.0,#11 Brian Waddell,16,,Steal,,,5v5,,,,,,,,
251011,4465.341374166,8.0,#11 Brian Waddell,17,,+2,Box Touch 0,,5v5,,,Reversal 0,Shot Qual 4,,,,
251011,4607.433979069,10.0,#11 Brian Waddell,18,,Cut Assist,,,5v5,,,,,,,,
251011,4655.477866287,10.0,#11 Brian Waddell,19,,Turnover,,,5v5,,,,,,,,
251011,103.505538884,10.0,#5 Myles Watkins,1,,Post Feed,,,Scramble,,,,,,,,
251011,336.700622832,10.0,#5 Myles Watkins,2,,Deflection,,,War Scramble,,,,,,,,
251011,445.105239319,10.0,#5 Myles Watkins,3,,Assist,,,War Scramble,,,,,,,,
251011,2199.140166721,10.0,#5 Myles Watkins,4,,Steal,,,4v4,,,,,,,,
251011,3974.915292667,8.0,#5 Myles Watkins,5,,+3,Box Touch 2,,5v5,,,Reversal 2,Shot Qual 3,,,,
251011,5126.173474342,10.0,#5 Myles Watkins,6,,Deflection,,,5v5,,,,,,,,
251011,162.684639044,8.0,#44 Jacob Wassler,1,,-3,Box Touch 0,,War Scramble,,,Reversal 1,Shot Qual 2,,,,
251011,515.373611402,8.0,#44 Jacob Wassler,2,,+2,Box Touch 0,,War Scramble,,,Reversal 0,Shot Qual 3,,,,
251011,1647.438581325,8.0,#44 Jacob Wassler,3,,-3,Box Touch 0,,4v4,,,Reversal 1,Shot Qual 2,,,,
251011,1821.681864504,10.0,#44 Jacob Wassler,4,,Steal,,,4v4,,,,,,,,
251011,1911.811386073,8.0,#44 Jacob Wassler,5,,+2,Box Touch 1,,4v4,,,Reversal 0,Shot Qual 3,,,,
251011,1911.811386073,10.0,#44 Jacob Wassler,6,,Cut FG,,,4v4,,,,,,,,
251011,3429.310702985,10.0,#44 Jacob Wassler,7,,Turnover,,,5v5,,,,,,,,
251011,3797.159024577,10.0,#44 Jacob Wassler,8,,Deflection,,,5v5,,,,,,,,
251011,4624.292177301,8.0,#44 Jacob Wassler,9,,-2,Box Touch 1,,5v5,,,Reversal 1,Shot Qual 4,,,,
251011,4624.292177301,10.0,#44 Jacob Wassler,10,,Cut FG,,,5v5,,,,,,,,
251011,4626.564177904,8.0,#44 Jacob Wassler,11,,+2,Box Touch 0,,5v5,,,Reversal 0,Shot Qual 4,,,,
251011,4928.77277993,8.0,#44 Jacob Wassler,12,,-3,Box Touch 0,,5v5,,,Reversal 0,Shot Qual 2,,,,
251011,166.523488597,8.0,#22 Darrius Bolden,1,,+2,Box Touch 0,,War Scramble,,,Reversal 0,Shot Qual 3,,,,
251011,358.075046778,10.0,#22 Darrius Bolden,2,,Cut Assist,,,War Scramble,,,,,,,,
251011,1509.843956632,10.0,#22 Darrius Bolden,3,,Steal,,,4v4,,,,,,,,
251011,1530.572467041,10.0,#22 Darrius Bolden,4,,Post Feed,,,4v4,,,,,,,,
251011,1939.916202469,8.0,#22 Darrius Bolden,5,,+2,Box Touch 1,,4v4,,,Reversal 1,Shot Qual 4,,,,
251011,2001.600122498,10.0,#22 Darrius Bolden,6,,Post Feed,,,4v4,,,,,,,,
251011,2313.714694696,10.0,#22 Darrius Bolden,7,,Steal,,,4v4,,,,,,,,
251011,2423.180267617,8.0,#22 Darrius Bolden,8,,+2,Box Touch 1,,4v4,,,Reversal 1,Shot Qual 2,,,,
251011,2423.440718833,10.0,#22 Darrius Bolden,9,,Cut FG,,,4v4,,,,,,,,
251011,3529.236623101,10.0,#22 Darrius Bolden,10,,Deflection,,,5v5,,,,,,,,
251011,3744.391655161,10.0,#22 Darrius Bolden,11,,Post Feed,,,5v5,,,,,,,,
251011,208.136898257,8.0,#7 Donovan Hunter,1,,-3,Box Touch 0,,War Scramble,,,Reversal 1,Shot Qual 2,,,,
251011,282.024068697,8.0,#7 Donovan Hunter,2,,+2,Box Touch 0,,War Scramble,,,Reversal 0,Shot Qual 2,,,,
251011,1530.572467041,10.0,#7 Donovan Hunter,3,,Post Touch,,,4v4,,,,,,,,
251011,1531.38933539,8.0,#7 Donovan Hunter,4,,-2,Box Touch 1,,4v4,,,Reversal 1,Shot Qual 2,,,,
251011,1721.565814599,10.0,#7 Donovan Hunter,5,,Post Touch,,,4v4,,,,,,,,
251011,3455.816186389,10.0,#7 Donovan Hunter,6,,Post Touch,,,5v5,,,,,,,,
251011,3458.186702599,10.0,#7 Donovan Hunter,7,,Assist,,,5v5,,,,,,,,
251011,3687.826911556,10.0,#7 Donovan Hunter,8,,Turnover,,,5v5,,,,,,,,
251011,3744.391655161,10.0,#7 Donovan Hunter,9,,Post Touch,,,5v5,,,,,,,,
251011,3747.057611367,8.0,#7 Donovan Hunter,10,,-2,Box Touch 0,,5v5,,,Reversal 1,Shot Qual 1,,,,
251011,4459.628375456,10.0,#7 Donovan Hunter,11,,Turnover,,,5v5,,,,,,,,
251011,4655.477866287,10.0,#7 Donovan Hunter,12,,Steal,,,5v5,,,,,,,,
251011,4783.947953579,8.0,#7 Donovan Hunter,13,,-2,Box Touch 1,,5v5,,,Reversal 3,Shot Qual 1,,,,
251011,4789.317300636,8.0,#7 Donovan Hunter,14,,-2,Box Touch 0,,5v5,,,Reversal 0,Shot Qual 2,,,,
251011,358.075046778,8.0,#4 Grant Neal,1,,-2,Box Touch 1,,War Scramble,,,Reversal 1,Shot Qual 4,,,,
251011,358.075046778,10.0,#4 Grant Neal,2,,Cut FG,,,War Scramble,,,,,,,,
251011,1721.565814599,10.0,#4 Grant Neal,3,,Post Feed,,,4v4,,,,,,,,
251011,1782.874204184,10.0,#4 Grant Neal,4,,Post Feed,,,4v4,,,,,,,,
251011,1911.811386073,10.0,#4 Grant Neal,5,,Assist,,,4v4,,,,,,,,
251011,1939.916573707,10.0,#4 Grant Neal,6,,Assist,,,4v4,,,,,,,,
251011,2001.600122498,10.0,#4 Grant Neal,7,,Post Touch,,,4v4,,,,,,,,
251011,2313.714694696,10.0,#4 Grant Neal,8,,Deflection,,,4v4,,,,,,,,
251011,2423.180267617,10.0,#4 Grant Neal,9,,Assist,,,4v4,,,,,,,,
251011,2553.334453098,10.0,#4 Grant Neal,10,,Steal,,,4v4,,,,,,,,
251011,3455.816186389,10.0,#4 Grant Neal,11,,Post Feed,,,5v5,,,,,,,,
251011,3458.186702599,8.0,#4 Grant Neal,12,,+3,Box Touch 0,,5v5,,,Reversal 1,Shot Qual 2,,,,
251011,3718.539445814,10.0,#4 Grant Neal,13,,Deflection,,,5v5,,,,,,,,
251011,389.230030888,10.0,#2 Tyler Doyle,1,,Cut Assist,,,,,,,,,,,
251011,481.187903914,8.0,#2 Tyler Doyle,2,,+2,Box Touch 1,,War Scramble,,,Reversal 2,Shot Qual 4,,,,
251011,481.187903914,10.0,#2 Tyler Doyle,3,,Cut FG,,,War Scramble,,,,,,,,
251011,1782.874204184,10.0,#2 Tyler Doyle,4,,Post Touch,,,4v4,,,,,,,,
251011,1790.777073537,8.0,#2 Tyler Doyle,5,,-3,Box Touch 1,,4v4,,,Reversal 1,Shot Qual 3,,,,
251011,2553.334453098,10.0,#2 Tyler Doyle,6,,Deflection,,,4v4,,,,,,,,
251011,4598.469156063,10.0,#2 Tyler Doyle,7,,Post Touch,,,5v5,,,,,,,,
251011,303.581737502,10.0,#14 Dom Murphy,1,,Cut FG,,,,,,,,,,,
251011,545.176474541,8.0,#14 Dom Murphy,2,,-3,Box Touch 0,,War Scramble,,,Reversal 1,Shot Qual 3,,,,
251011,1609.205891421,10.0,#14 Dom Murphy,3,,Post Feed,,,4v4,,,,,,,,
251011,1614.67913178,8.0,#14 Dom Murphy,4,,-3,Box Touch 0,,4v4,,,Reversal 1,Shot Qual 1,,,,
251011,2313.714694696,10.0,#14 Dom Murphy,5,,Turnover,,,4v4,,,,,,,,
251011,4001.152315065,10.0,#14 Dom Murphy,6,,Turnover,,,5v5,,,,,,,,
251011,1821.681864504,10.0,#15 Luke Anderson,1,,Turnover,,,4v4,,,,,,,,
251011,4960.744633919,8.0,#15 Luke Anderson,2,,+2,Box Touch 1,,5v5,,,Reversal 1,Shot Qual 1,,,,
251011,4960.744633919,10.0,#15 Luke Anderson,3,,Cut FG,,,5v5,,,,,,,,
251011,4580.233830272,10.0,#0 Tommy Clark,1,,Turnover,,,5v5,,,,,,,,
251011,5096.523438027,8.0,#0 Tommy Clark,2,,-3,Box Touch 0,,5v5,,,Reversal 0,Shot Qual 1,,,,
251011,5126.173474342,10.0,#0 Tommy Clark,3,,Turnover,,,5v5,,,,,,,,